[{"id":1,"first_name":"Susy","last_name":"Chezelle","email":"schezelle0@usnews.com","date_of_birth":"1/14/2023","age":58,"country":"Libya","phone":"115-470-0456"},
{"id":2,"first_name":"Maryjo","last_name":"Killock","email":"mkillock1@yale.edu","date_of_birth":"5/22/2023","age":28,"country":"China","phone":"981-340-3862"},
{"id":3,"first_name":"Petronia","last_name":"Pakenham","email":"ppakenham2@i2i.jp","date_of_birth":"2/13/2023","age":44,"country":"South Africa","phone":"287-817-4295"},
{"id":4,"first_name":"Merridie","last_name":"Trout","email":"mtrout3@scribd.com","date_of_birth":"3/27/2023","age":46,"country":"United States","phone":"313-268-2139"},
{"id":5,"first_name":"Margo","last_name":"Skouling","email":"mskouling4@boston.com","date_of_birth":"1/9/2023","age":36,"country":"Indonesia","phone":"622-807-0487"},
{"id":6,"first_name":"Johnathan","last_name":"Vigours","email":"jvigours5@archive.org","date_of_birth":"2/5/2023","age":26,"country":"Indonesia","phone":"814-761-8809"},
{"id":7,"first_name":"Edithe","last_name":"Drever","email":"edrever6@shutterfly.com","date_of_birth":"3/27/2023","age":36,"country":"Portugal","phone":"629-843-2112"},
{"id":8,"first_name":"Jinny","last_name":"Yorston","email":"jyorston7@whitehouse.gov","date_of_birth":"1/2/2023","age":36,"country":"China","phone":"256-117-2219"},
{"id":9,"first_name":"Sherwynd","last_name":"Franzonello","email":"sfranzonello8@e-recht24.de","date_of_birth":"6/12/2023","age":26,"country":"Armenia","phone":"691-195-6538"},
{"id":10,"first_name":"Nathalia","last_name":"Whaites","email":"nwhaites9@discovery.com","date_of_birth":"4/29/2023","age":29,"country":"United States","phone":"212-770-9810"},
{"id":11,"first_name":"Bari","last_name":"Grigor","email":"bgrigora@homestead.com","date_of_birth":"2/5/2023","age":30,"country":"Colombia","phone":"885-895-0588"},
{"id":12,"first_name":"Dasi","last_name":"McCurry","email":"dmccurryb@oracle.com","date_of_birth":"7/3/2023","age":50,"country":"Brazil","phone":"468-587-2922"},
{"id":13,"first_name":"Elisha","last_name":"Jerrems","email":"ejerremsc@prnewswire.com","date_of_birth":"8/31/2023","age":54,"country":"Sweden","phone":"482-610-3465"},
{"id":14,"first_name":"Donn","last_name":"Huby","email":"dhubyd@google.com.hk","date_of_birth":"5/19/2023","age":32,"country":"Bangladesh","phone":"505-266-6936"},
{"id":15,"first_name":"Charmian","last_name":"Egel","email":"cegele@businessinsider.com","date_of_birth":"9/2/2023","age":36,"country":"Indonesia","phone":"305-921-4570"},
{"id":16,"first_name":"Spencer","last_name":"Capes","email":"scapesf@sohu.com","date_of_birth":"10/27/2022","age":34,"country":"Russia","phone":"456-774-7252"},
{"id":17,"first_name":"Amabel","last_name":"Cords","email":"acordsg@twitter.com","date_of_birth":"5/2/2023","age":57,"country":"Portugal","phone":"114-509-8827"},
{"id":18,"first_name":"Boonie","last_name":"Foulger","email":"bfoulgerh@printfriendly.com","date_of_birth":"5/9/2023","age":57,"country":"Nigeria","phone":"447-349-3851"},
{"id":19,"first_name":"Jacqueline","last_name":"Senton","email":"jsentoni@histats.com","date_of_birth":"9/15/2023","age":19,"country":"Indonesia","phone":"140-181-6738"},
{"id":20,"first_name":"Zulema","last_name":"Leger","email":"zlegerj@nymag.com","date_of_birth":"7/22/2023","age":19,"country":"Chile","phone":"820-532-5369"},
{"id":21,"first_name":"Janeczka","last_name":"Furse","email":"jfursek@moonfruit.com","date_of_birth":"12/28/2022","age":37,"country":"Thailand","phone":"282-283-9405"},
{"id":22,"first_name":"Antony","last_name":"Birley","email":"abirleyl@independent.co.uk","date_of_birth":"11/28/2022","age":32,"country":"Nicaragua","phone":"325-731-7710"},
{"id":23,"first_name":"Torrence","last_name":"Lorent","email":"tlorentm@alibaba.com","date_of_birth":"3/1/2023","age":55,"country":"China","phone":"387-687-1785"},
{"id":24,"first_name":"Karly","last_name":"Sekulla","email":"ksekullan@examiner.com","date_of_birth":"7/30/2023","age":50,"country":"Indonesia","phone":"989-889-8341"},
{"id":25,"first_name":"Garrett","last_name":"Wison","email":"gwisono@linkedin.com","date_of_birth":"5/9/2023","age":45,"country":"Albania","phone":"629-973-3091"},
{"id":26,"first_name":"Shaun","last_name":"Siemianowicz","email":"ssiemianowiczp@state.tx.us","date_of_birth":"11/4/2022","age":38,"country":"Serbia","phone":"290-431-8479"},
{"id":27,"first_name":"Osborne","last_name":"Stoter","email":"ostoterq@skype.com","date_of_birth":"9/5/2023","age":50,"country":"Portugal","phone":"227-274-5370"},
{"id":28,"first_name":"Toinette","last_name":"Pentercost","email":"tpentercostr@gmpg.org","date_of_birth":"12/1/2022","age":46,"country":"Portugal","phone":"459-576-4509"},
{"id":29,"first_name":"Zoe","last_name":"Ramshay","email":"zramshays@upenn.edu","date_of_birth":"2/25/2023","age":39,"country":"Serbia","phone":"443-403-6437"},
{"id":30,"first_name":"Stanly","last_name":"Guiraud","email":"sguiraudt@oracle.com","date_of_birth":"4/30/2023","age":21,"country":"China","phone":"512-548-8804"},
{"id":31,"first_name":"Austine","last_name":"Shirtcliffe","email":"ashirtcliffeu@fastcompany.com","date_of_birth":"3/19/2023","age":35,"country":"Russia","phone":"313-458-7820"},
{"id":32,"first_name":"Scarface","last_name":"Staziker","email":"sstazikerv@shareasale.com","date_of_birth":"2/13/2023","age":20,"country":"Vietnam","phone":"226-942-9843"},
{"id":33,"first_name":"Carena","last_name":"O' Finan","email":"cofinanw@answers.com","date_of_birth":"11/21/2022","age":44,"country":"Poland","phone":"201-275-5742"},
{"id":34,"first_name":"Audy","last_name":"Tewes","email":"atewesx@google.com.br","date_of_birth":"11/11/2022","age":34,"country":"Ireland","phone":"683-345-7378"},
{"id":35,"first_name":"Doe","last_name":"Tuxwell","email":"dtuxwelly@domainmarket.com","date_of_birth":"3/26/2023","age":51,"country":"Russia","phone":"815-816-8209"},
{"id":36,"first_name":"Hazel","last_name":"Muckloe","email":"hmuckloez@google.cn","date_of_birth":"7/17/2023","age":57,"country":"China","phone":"276-747-3382"},
{"id":37,"first_name":"Garvy","last_name":"Gemmell","email":"ggemmell10@webmd.com","date_of_birth":"3/28/2023","age":36,"country":"Iran","phone":"775-765-3822"},
{"id":38,"first_name":"Purcell","last_name":"Hamley","email":"phamley11@illinois.edu","date_of_birth":"1/22/2023","age":29,"country":"Poland","phone":"955-575-5610"},
{"id":39,"first_name":"Clareta","last_name":"Jacobowitz","email":"cjacobowitz12@wikispaces.com","date_of_birth":"1/9/2023","age":53,"country":"Russia","phone":"669-296-8528"},
{"id":40,"first_name":"Denyse","last_name":"Chisholme","email":"dchisholme13@themeforest.net","date_of_birth":"2/8/2023","age":24,"country":"Philippines","phone":"364-144-0927"},
{"id":41,"first_name":"Theressa","last_name":"Gillbee","email":"tgillbee14@psu.edu","date_of_birth":"4/2/2023","age":20,"country":"Poland","phone":"277-685-5922"},
{"id":42,"first_name":"Keeley","last_name":"Seabrook","email":"kseabrook15@zdnet.com","date_of_birth":"12/10/2022","age":21,"country":"Poland","phone":"540-240-9199"},
{"id":43,"first_name":"Loree","last_name":"Leggott","email":"lleggott16@mozilla.org","date_of_birth":"6/14/2023","age":26,"country":"Indonesia","phone":"867-661-9420"},
{"id":44,"first_name":"Milton","last_name":"Sheldrake","email":"msheldrake17@bandcamp.com","date_of_birth":"1/21/2023","age":58,"country":"Democratic Republic of the Congo","phone":"274-995-0106"},
{"id":45,"first_name":"Guthrie","last_name":"Sainteau","email":"gsainteau18@eventbrite.com","date_of_birth":"8/19/2023","age":47,"country":"China","phone":"507-538-9525"},
{"id":46,"first_name":"Belicia","last_name":"Greenroyd","email":"bgreenroyd19@pbs.org","date_of_birth":"6/23/2023","age":45,"country":"Brazil","phone":"218-977-0345"},
{"id":47,"first_name":"Ephraim","last_name":"Ravillas","email":"eravillas1a@desdev.cn","date_of_birth":"5/13/2023","age":27,"country":"Portugal","phone":"876-850-8127"},
{"id":48,"first_name":"Tamas","last_name":"Francioli","email":"tfrancioli1b@ucoz.ru","date_of_birth":"1/13/2023","age":36,"country":"Philippines","phone":"601-428-8115"},
{"id":49,"first_name":"Dory","last_name":"Dranfield","email":"ddranfield1c@nydailynews.com","date_of_birth":"3/24/2023","age":37,"country":"Kyrgyzstan","phone":"325-295-6902"},
{"id":50,"first_name":"Culley","last_name":"Kenyon","email":"ckenyon1d@bing.com","date_of_birth":"5/3/2023","age":37,"country":"Barbados","phone":"382-921-5292"},
{"id":51,"first_name":"Lucretia","last_name":"Pavlitschek","email":"lpavlitschek1e@ftc.gov","date_of_birth":"9/24/2023","age":54,"country":"Indonesia","phone":"375-238-8476"},
{"id":52,"first_name":"Modesta","last_name":"Yurinov","email":"myurinov1f@buzzfeed.com","date_of_birth":"2/10/2023","age":22,"country":"United States","phone":"754-174-8546"},
{"id":53,"first_name":"Charissa","last_name":"Andriesse","email":"candriesse1g@addtoany.com","date_of_birth":"2/18/2023","age":31,"country":"Portugal","phone":"546-869-4521"},
{"id":54,"first_name":"Moshe","last_name":"Harradine","email":"mharradine1h@youku.com","date_of_birth":"9/6/2023","age":29,"country":"Greece","phone":"947-162-6203"},
{"id":55,"first_name":"Johannes","last_name":"Bulstrode","email":"jbulstrode1i@discovery.com","date_of_birth":"9/9/2023","age":45,"country":"Argentina","phone":"851-607-4297"},
{"id":56,"first_name":"Ianthe","last_name":"Bartol","email":"ibartol1j@intel.com","date_of_birth":"4/30/2023","age":41,"country":"Ukraine","phone":"916-798-3441"},
{"id":57,"first_name":"Boony","last_name":"Girk","email":"bgirk1k@virginia.edu","date_of_birth":"11/6/2022","age":52,"country":"South Africa","phone":"444-805-6828"},
{"id":58,"first_name":"Eduard","last_name":"Dangerfield","email":"edangerfield1l@tumblr.com","date_of_birth":"3/7/2023","age":54,"country":"Poland","phone":"620-403-3064"},
{"id":59,"first_name":"Angel","last_name":"Toms","email":"atoms1m@yellowbook.com","date_of_birth":"6/3/2023","age":31,"country":"China","phone":"366-332-4843"},
{"id":60,"first_name":"Conway","last_name":"Windas","email":"cwindas1n@surveymonkey.com","date_of_birth":"9/22/2023","age":45,"country":"Russia","phone":"195-153-6332"},
{"id":61,"first_name":"Anastasia","last_name":"Marciek","email":"amarciek1o@wunderground.com","date_of_birth":"12/19/2022","age":51,"country":"United States","phone":"757-925-6717"},
{"id":62,"first_name":"Barnard","last_name":"Mochan","email":"bmochan1p@moonfruit.com","date_of_birth":"9/22/2023","age":23,"country":"Portugal","phone":"243-883-2161"},
{"id":63,"first_name":"Caron","last_name":"Goodridge","email":"cgoodridge1q@buzzfeed.com","date_of_birth":"12/13/2022","age":44,"country":"Tajikistan","phone":"291-139-2439"},
{"id":64,"first_name":"Baldwin","last_name":"MacClenan","email":"bmacclenan1r@1und1.de","date_of_birth":"3/24/2023","age":30,"country":"Thailand","phone":"509-390-1602"},
{"id":65,"first_name":"Rockey","last_name":"Volkes","email":"rvolkes1s@nymag.com","date_of_birth":"2/6/2023","age":38,"country":"Philippines","phone":"655-142-4488"},
{"id":66,"first_name":"Tricia","last_name":"Carroll","email":"tcarroll1t@bing.com","date_of_birth":"3/8/2023","age":46,"country":"Indonesia","phone":"633-213-5110"},
{"id":67,"first_name":"Lorin","last_name":"Suttaby","email":"lsuttaby1u@google.nl","date_of_birth":"6/5/2023","age":22,"country":"Indonesia","phone":"716-881-5885"},
{"id":68,"first_name":"Brucie","last_name":"Makepeace","email":"bmakepeace1v@slate.com","date_of_birth":"2/21/2023","age":55,"country":"Philippines","phone":"975-809-5491"},
{"id":69,"first_name":"Myrtie","last_name":"Moulton","email":"mmoulton1w@wix.com","date_of_birth":"8/5/2023","age":33,"country":"Indonesia","phone":"590-675-2514"},
{"id":70,"first_name":"Henry","last_name":"Pollard","email":"hpollard1x@zdnet.com","date_of_birth":"6/24/2023","age":36,"country":"China","phone":"461-317-2685"},
{"id":71,"first_name":"Gardener","last_name":"Taffs","email":"gtaffs1y@bbc.co.uk","date_of_birth":"10/15/2023","age":51,"country":"Netherlands","phone":"820-775-6108"},
{"id":72,"first_name":"Brenn","last_name":"Danihelka","email":"bdanihelka1z@wufoo.com","date_of_birth":"8/22/2023","age":39,"country":"Indonesia","phone":"912-906-0351"},
{"id":73,"first_name":"Taite","last_name":"Possell","email":"tpossell20@w3.org","date_of_birth":"7/8/2023","age":33,"country":"United Kingdom","phone":"922-981-0153"},
{"id":74,"first_name":"Bryana","last_name":"Artin","email":"bartin21@auda.org.au","date_of_birth":"8/1/2023","age":22,"country":"China","phone":"926-246-1246"},
{"id":75,"first_name":"Allix","last_name":"Mennithorp","email":"amennithorp22@intel.com","date_of_birth":"10/23/2022","age":56,"country":"Russia","phone":"336-749-8418"},
{"id":76,"first_name":"Kit","last_name":"Furphy","email":"kfurphy23@hp.com","date_of_birth":"5/13/2023","age":40,"country":"Indonesia","phone":"987-657-4401"},
{"id":77,"first_name":"Gunar","last_name":"Duhig","email":"gduhig24@skyrock.com","date_of_birth":"7/6/2023","age":30,"country":"China","phone":"350-839-7694"},
{"id":78,"first_name":"Suzy","last_name":"Benzing","email":"sbenzing25@multiply.com","date_of_birth":"7/29/2023","age":48,"country":"Netherlands","phone":"210-602-0096"},
{"id":79,"first_name":"Penny","last_name":"Cappleman","email":"pcappleman26@hao123.com","date_of_birth":"11/25/2022","age":30,"country":"Palestinian Territory","phone":"139-620-5795"},
{"id":80,"first_name":"Colan","last_name":"Wethers","email":"cwethers27@slate.com","date_of_birth":"11/21/2022","age":54,"country":"China","phone":"308-480-0484"},
{"id":81,"first_name":"Tim","last_name":"Kimmons","email":"tkimmons28@mlb.com","date_of_birth":"3/23/2023","age":32,"country":"Tanzania","phone":"943-788-4866"},
{"id":82,"first_name":"Benn","last_name":"Whitton","email":"bwhitton29@shutterfly.com","date_of_birth":"8/24/2023","age":33,"country":"France","phone":"837-223-9317"},
{"id":83,"first_name":"Axe","last_name":"Puckinghorne","email":"apuckinghorne2a@ifeng.com","date_of_birth":"3/1/2023","age":58,"country":"Palestinian Territory","phone":"258-368-9773"},
{"id":84,"first_name":"Gunilla","last_name":"Tenman","email":"gtenman2b@weather.com","date_of_birth":"9/25/2023","age":48,"country":"Brazil","phone":"357-526-7153"},
{"id":85,"first_name":"Jaimie","last_name":"Naisbet","email":"jnaisbet2c@indiegogo.com","date_of_birth":"12/16/2022","age":55,"country":"Laos","phone":"227-460-4821"},
{"id":86,"first_name":"Lucilia","last_name":"Farnes","email":"lfarnes2d@blog.com","date_of_birth":"6/17/2023","age":40,"country":"Brazil","phone":"344-287-2475"},
{"id":87,"first_name":"Rowe","last_name":"Dominec","email":"rdominec2e@github.com","date_of_birth":"7/1/2023","age":36,"country":"Mongolia","phone":"916-678-3317"},
{"id":88,"first_name":"Billy","last_name":"Freund","email":"bfreund2f@nydailynews.com","date_of_birth":"10/10/2023","age":38,"country":"Poland","phone":"641-911-3464"},
{"id":89,"first_name":"Naomi","last_name":"Tight","email":"ntight2g@diigo.com","date_of_birth":"7/12/2023","age":55,"country":"Russia","phone":"936-616-0377"},
{"id":90,"first_name":"Ozzie","last_name":"Mazey","email":"omazey2h@networkadvertising.org","date_of_birth":"12/3/2022","age":53,"country":"China","phone":"264-297-0938"},
{"id":91,"first_name":"Dianemarie","last_name":"Defew","email":"ddefew2i@wikipedia.org","date_of_birth":"11/6/2022","age":51,"country":"Colombia","phone":"926-551-2438"},
{"id":92,"first_name":"Lu","last_name":"Ogles","email":"logles2j@issuu.com","date_of_birth":"9/15/2023","age":32,"country":"Sweden","phone":"132-795-5796"},
{"id":93,"first_name":"Isidore","last_name":"Pateman","email":"ipateman2k@biglobe.ne.jp","date_of_birth":"1/6/2023","age":27,"country":"China","phone":"459-307-9250"},
{"id":94,"first_name":"Maddie","last_name":"Casswell","email":"mcasswell2l@statcounter.com","date_of_birth":"6/16/2023","age":35,"country":"Ivory Coast","phone":"772-135-7309"},
{"id":95,"first_name":"Milo","last_name":"Baroch","email":"mbaroch2m@nsw.gov.au","date_of_birth":"12/29/2022","age":39,"country":"Yemen","phone":"926-481-3244"},
{"id":96,"first_name":"Tobi","last_name":"Shaefer","email":"tshaefer2n@slideshare.net","date_of_birth":"12/31/2022","age":29,"country":"Vietnam","phone":"924-434-9075"},
{"id":97,"first_name":"Addie","last_name":"Miskin","email":"amiskin2o@smugmug.com","date_of_birth":"3/10/2023","age":32,"country":"Belarus","phone":"861-618-3195"},
{"id":98,"first_name":"Rudie","last_name":"Blaw","email":"rblaw2p@soundcloud.com","date_of_birth":"4/10/2023","age":23,"country":"South Africa","phone":"117-538-6413"},
{"id":99,"first_name":"Ancell","last_name":"Franies","email":"afranies2q@artisteer.com","date_of_birth":"4/4/2023","age":52,"country":"China","phone":"524-765-9683"},
{"id":100,"first_name":"Staci","last_name":"Calbreath","email":"scalbreath2r@artisteer.com","date_of_birth":"1/1/2023","age":20,"country":"Ireland","phone":"168-386-9795"},
{"id":101,"first_name":"Mord","last_name":"Solesbury","email":"msolesbury2s@addtoany.com","date_of_birth":"6/30/2023","age":26,"country":"Indonesia","phone":"325-635-4964"},
{"id":102,"first_name":"Maudie","last_name":"Soppett","email":"msoppett2t@bloomberg.com","date_of_birth":"1/25/2023","age":21,"country":"Canada","phone":"743-363-1606"},
{"id":103,"first_name":"Mose","last_name":"Seary","email":"mseary2u@ovh.net","date_of_birth":"2/24/2023","age":25,"country":"Indonesia","phone":"468-343-7083"},
{"id":104,"first_name":"Robinia","last_name":"Aristide","email":"raristide2v@360.cn","date_of_birth":"2/11/2023","age":24,"country":"Russia","phone":"982-640-2099"},
{"id":105,"first_name":"Laureen","last_name":"Thorowgood","email":"lthorowgood2w@bravesites.com","date_of_birth":"1/17/2023","age":36,"country":"China","phone":"940-959-7252"},
{"id":106,"first_name":"Jess","last_name":"Costelow","email":"jcostelow2x@nih.gov","date_of_birth":"8/6/2023","age":33,"country":"Indonesia","phone":"217-602-3834"},
{"id":107,"first_name":"Kaela","last_name":"Stranaghan","email":"kstranaghan2y@printfriendly.com","date_of_birth":"7/29/2023","age":19,"country":"China","phone":"330-100-3815"},
{"id":108,"first_name":"Aurelia","last_name":"Sager","email":"asager2z@reverbnation.com","date_of_birth":"4/2/2023","age":19,"country":"United States","phone":"202-728-6730"},
{"id":109,"first_name":"Hedvige","last_name":"Powdrell","email":"hpowdrell30@merriam-webster.com","date_of_birth":"7/31/2023","age":43,"country":"Indonesia","phone":"363-129-6607"},
{"id":110,"first_name":"Shayne","last_name":"Dudden","email":"sdudden31@amazonaws.com","date_of_birth":"11/28/2022","age":30,"country":"Russia","phone":"674-973-3160"},
{"id":111,"first_name":"Bessy","last_name":"Bromhead","email":"bbromhead32@prnewswire.com","date_of_birth":"3/4/2023","age":45,"country":"China","phone":"379-324-2830"},
{"id":112,"first_name":"Ezri","last_name":"Crufts","email":"ecrufts33@shareasale.com","date_of_birth":"9/13/2023","age":56,"country":"Poland","phone":"545-237-1136"},
{"id":113,"first_name":"Jackquelin","last_name":"MacLardie","email":"jmaclardie34@ibm.com","date_of_birth":"11/9/2022","age":58,"country":"Portugal","phone":"491-676-0368"},
{"id":114,"first_name":"Ward","last_name":"Traher","email":"wtraher35@sfgate.com","date_of_birth":"6/4/2023","age":41,"country":"Indonesia","phone":"841-231-5358"},
{"id":115,"first_name":"Cherlyn","last_name":"Adolf","email":"cadolf36@omniture.com","date_of_birth":"7/31/2023","age":45,"country":"China","phone":"374-199-9416"},
{"id":116,"first_name":"Leonanie","last_name":"Strivens","email":"lstrivens37@webs.com","date_of_birth":"2/5/2023","age":24,"country":"China","phone":"857-679-2195"},
{"id":117,"first_name":"Corbet","last_name":"Vedikhov","email":"cvedikhov38@nih.gov","date_of_birth":"1/15/2023","age":30,"country":"Colombia","phone":"465-218-4607"},
{"id":118,"first_name":"Yetta","last_name":"Speerman","email":"yspeerman39@npr.org","date_of_birth":"8/8/2023","age":18,"country":"Philippines","phone":"716-164-5314"},
{"id":119,"first_name":"Ayn","last_name":"Stowers","email":"astowers3a@zdnet.com","date_of_birth":"6/10/2023","age":45,"country":"China","phone":"684-405-0425"},
{"id":120,"first_name":"Mallory","last_name":"Correa","email":"mcorrea3b@github.io","date_of_birth":"3/30/2023","age":42,"country":"Malaysia","phone":"187-975-2748"},
{"id":121,"first_name":"Nora","last_name":"Wraggs","email":"nwraggs3c@booking.com","date_of_birth":"8/2/2023","age":26,"country":"Malta","phone":"326-649-5562"},
{"id":122,"first_name":"Wenonah","last_name":"Swatheridge","email":"wswatheridge3d@gov.uk","date_of_birth":"1/10/2023","age":39,"country":"Azerbaijan","phone":"623-518-3173"},
{"id":123,"first_name":"Tabina","last_name":"Hartigan","email":"thartigan3e@craigslist.org","date_of_birth":"9/3/2023","age":44,"country":"Latvia","phone":"586-109-7736"},
{"id":124,"first_name":"Herschel","last_name":"Vedyashkin","email":"hvedyashkin3f@squarespace.com","date_of_birth":"2/27/2023","age":36,"country":"Russia","phone":"720-672-8454"},
{"id":125,"first_name":"Evy","last_name":"Ellsom","email":"eellsom3g@gravatar.com","date_of_birth":"4/27/2023","age":48,"country":"Greece","phone":"225-486-4570"},
{"id":126,"first_name":"Adah","last_name":"Boschmann","email":"aboschmann3h@so-net.ne.jp","date_of_birth":"9/12/2023","age":44,"country":"China","phone":"262-230-3503"},
{"id":127,"first_name":"Maris","last_name":"Ervin","email":"mervin3i@linkedin.com","date_of_birth":"5/29/2023","age":27,"country":"Myanmar","phone":"439-311-2594"},
{"id":128,"first_name":"Cornell","last_name":"Walters","email":"cwalters3j@pcworld.com","date_of_birth":"3/6/2023","age":46,"country":"Marshall Islands","phone":"191-221-2235"},
{"id":129,"first_name":"Nichol","last_name":"Lechmere","email":"nlechmere3k@nationalgeographic.com","date_of_birth":"7/29/2023","age":23,"country":"Iraq","phone":"514-326-2322"},
{"id":130,"first_name":"Matilda","last_name":"Klosa","email":"mklosa3l@cam.ac.uk","date_of_birth":"6/20/2023","age":54,"country":"Cuba","phone":"283-335-6033"},
{"id":131,"first_name":"Alvina","last_name":"Rosgen","email":"arosgen3m@wsj.com","date_of_birth":"7/17/2023","age":25,"country":"United States","phone":"831-123-1522"},
{"id":132,"first_name":"Dolf","last_name":"Plowes","email":"dplowes3n@domainmarket.com","date_of_birth":"6/13/2023","age":37,"country":"Brazil","phone":"779-320-3161"},
{"id":133,"first_name":"Luke","last_name":"Silversmidt","email":"lsilversmidt3o@hatena.ne.jp","date_of_birth":"8/26/2023","age":47,"country":"Ukraine","phone":"733-280-5090"},
{"id":134,"first_name":"Pepillo","last_name":"Jevons","email":"pjevons3p@sina.com.cn","date_of_birth":"2/2/2023","age":58,"country":"Canada","phone":"558-458-9823"},
{"id":135,"first_name":"Friederike","last_name":"Thorpe","email":"fthorpe3q@lulu.com","date_of_birth":"3/4/2023","age":32,"country":"Poland","phone":"467-133-1056"},
{"id":136,"first_name":"Easter","last_name":"Bowne","email":"ebowne3r@technorati.com","date_of_birth":"1/13/2023","age":24,"country":"Georgia","phone":"272-937-2970"},
{"id":137,"first_name":"Caresse","last_name":"Prydie","email":"cprydie3s@chron.com","date_of_birth":"9/1/2023","age":39,"country":"Portugal","phone":"935-425-6343"},
{"id":138,"first_name":"Aldridge","last_name":"Wormleighton","email":"awormleighton3t@geocities.jp","date_of_birth":"3/26/2023","age":58,"country":"Serbia","phone":"687-238-9656"},
{"id":139,"first_name":"Valentine","last_name":"Shann","email":"vshann3u@goo.gl","date_of_birth":"6/12/2023","age":27,"country":"Czech Republic","phone":"889-598-0640"},
{"id":140,"first_name":"Elwira","last_name":"Cutford","email":"ecutford3v@ca.gov","date_of_birth":"11/20/2022","age":29,"country":"Colombia","phone":"261-113-6679"},
{"id":141,"first_name":"Alene","last_name":"Crosetti","email":"acrosetti3w@intel.com","date_of_birth":"12/31/2022","age":47,"country":"Thailand","phone":"792-695-0112"},
{"id":142,"first_name":"Sybyl","last_name":"Locke","email":"slocke3x@aol.com","date_of_birth":"11/12/2022","age":57,"country":"Portugal","phone":"870-926-1056"},
{"id":143,"first_name":"Ivonne","last_name":"Piddlehinton","email":"ipiddlehinton3y@wordpress.org","date_of_birth":"9/4/2023","age":23,"country":"Russia","phone":"843-295-8804"},
{"id":144,"first_name":"Kory","last_name":"Chandler","email":"kchandler3z@google.ru","date_of_birth":"4/9/2023","age":43,"country":"Serbia","phone":"831-465-5672"},
{"id":145,"first_name":"Thea","last_name":"Lamberton","email":"tlamberton40@over-blog.com","date_of_birth":"11/26/2022","age":40,"country":"Portugal","phone":"146-891-2466"},
{"id":146,"first_name":"Odette","last_name":"Cardenosa","email":"ocardenosa41@skype.com","date_of_birth":"5/2/2023","age":37,"country":"Russia","phone":"961-734-2848"},
{"id":147,"first_name":"Darrin","last_name":"Pree","email":"dpree42@un.org","date_of_birth":"2/11/2023","age":45,"country":"China","phone":"460-914-1157"},
{"id":148,"first_name":"Wilhelm","last_name":"Stening","email":"wstening43@marriott.com","date_of_birth":"8/18/2023","age":55,"country":"Chad","phone":"783-989-0451"},
{"id":149,"first_name":"Dew","last_name":"Challiner","email":"dchalliner44@spotify.com","date_of_birth":"4/3/2023","age":32,"country":"China","phone":"837-449-4307"},
{"id":150,"first_name":"Isador","last_name":"Knaggs","email":"iknaggs45@msu.edu","date_of_birth":"12/11/2022","age":23,"country":"Philippines","phone":"626-684-3727"},
{"id":151,"first_name":"Ruthanne","last_name":"Cowden","email":"rcowden46@huffingtonpost.com","date_of_birth":"11/10/2022","age":47,"country":"Nigeria","phone":"980-851-9112"},
{"id":152,"first_name":"Niki","last_name":"Lacheze","email":"nlacheze47@psu.edu","date_of_birth":"2/11/2023","age":37,"country":"Finland","phone":"409-448-9474"},
{"id":153,"first_name":"Layla","last_name":"Lorimer","email":"llorimer48@home.pl","date_of_birth":"11/21/2022","age":55,"country":"Tanzania","phone":"834-713-9168"},
{"id":154,"first_name":"Kimberlee","last_name":"Wernham","email":"kwernham49@dot.gov","date_of_birth":"6/24/2023","age":23,"country":"Czech Republic","phone":"608-535-8201"},
{"id":155,"first_name":"Selestina","last_name":"Cable","email":"scable4a@exblog.jp","date_of_birth":"3/20/2023","age":22,"country":"China","phone":"899-481-2971"},
{"id":156,"first_name":"Ronda","last_name":"Fipp","email":"rfipp4b@weibo.com","date_of_birth":"8/26/2023","age":42,"country":"France","phone":"556-313-7608"},
{"id":157,"first_name":"Eveleen","last_name":"Gore","email":"egore4c@blinklist.com","date_of_birth":"4/11/2023","age":52,"country":"Thailand","phone":"169-183-4467"},
{"id":158,"first_name":"Ike","last_name":"Iacoviello","email":"iiacoviello4d@youtube.com","date_of_birth":"6/10/2023","age":50,"country":"Sweden","phone":"878-925-2477"},
{"id":159,"first_name":"Lauren","last_name":"GiacobbiniJacob","email":"lgiacobbinijacob4e@google.ru","date_of_birth":"9/20/2023","age":19,"country":"Norway","phone":"147-863-3378"},
{"id":160,"first_name":"Maddie","last_name":"Pettit","email":"mpettit4f@mayoclinic.com","date_of_birth":"10/19/2023","age":52,"country":"Tanzania","phone":"520-874-5969"},
{"id":161,"first_name":"Rip","last_name":"Dalliwatr","email":"rdalliwatr4g@harvard.edu","date_of_birth":"2/21/2023","age":24,"country":"China","phone":"565-617-9321"},
{"id":162,"first_name":"Colan","last_name":"Alton","email":"calton4h@skype.com","date_of_birth":"5/5/2023","age":34,"country":"Mexico","phone":"894-179-5035"},
{"id":163,"first_name":"Ede","last_name":"Goold","email":"egoold4i@addthis.com","date_of_birth":"12/10/2022","age":38,"country":"China","phone":"762-464-2378"},
{"id":164,"first_name":"Terrye","last_name":"Andre","email":"tandre4j@ca.gov","date_of_birth":"1/31/2023","age":39,"country":"Philippines","phone":"524-722-2983"},
{"id":165,"first_name":"Conn","last_name":"Gillett","email":"cgillett4k@godaddy.com","date_of_birth":"6/2/2023","age":20,"country":"China","phone":"545-255-7226"},
{"id":166,"first_name":"Charita","last_name":"Harrington","email":"charrington4l@edublogs.org","date_of_birth":"6/12/2023","age":55,"country":"Turkmenistan","phone":"930-410-7491"},
{"id":167,"first_name":"Preston","last_name":"Nelle","email":"pnelle4m@zdnet.com","date_of_birth":"11/7/2022","age":40,"country":"Moldova","phone":"550-445-7591"},
{"id":168,"first_name":"Othelia","last_name":"Elleton","email":"oelleton4n@ca.gov","date_of_birth":"1/21/2023","age":38,"country":"Brazil","phone":"413-668-9221"},
{"id":169,"first_name":"Ellissa","last_name":"Harbour","email":"eharbour4o@narod.ru","date_of_birth":"9/11/2023","age":38,"country":"Peru","phone":"669-382-0454"},
{"id":170,"first_name":"Oralle","last_name":"Fitzpayn","email":"ofitzpayn4p@mediafire.com","date_of_birth":"8/27/2023","age":19,"country":"Pakistan","phone":"851-277-2090"},
{"id":171,"first_name":"Atalanta","last_name":"Sporle","email":"asporle4q@fema.gov","date_of_birth":"6/9/2023","age":29,"country":"China","phone":"729-880-3991"},
{"id":172,"first_name":"Wandie","last_name":"Polland","email":"wpolland4r@deliciousdays.com","date_of_birth":"5/30/2023","age":41,"country":"Indonesia","phone":"145-906-5528"},
{"id":173,"first_name":"Caren","last_name":"Ianni","email":"cianni4s@amazon.co.uk","date_of_birth":"1/26/2023","age":26,"country":"China","phone":"154-844-1780"},
{"id":174,"first_name":"Annice","last_name":"Simon","email":"asimon4t@sciencedaily.com","date_of_birth":"6/27/2023","age":22,"country":"Australia","phone":"164-209-3499"},
{"id":175,"first_name":"Katya","last_name":"Keller","email":"kkeller4u@ihg.com","date_of_birth":"1/7/2023","age":46,"country":"Ukraine","phone":"325-822-1787"},
{"id":176,"first_name":"Bekki","last_name":"Impey","email":"bimpey4v@ocn.ne.jp","date_of_birth":"12/14/2022","age":26,"country":"China","phone":"413-297-5960"},
{"id":177,"first_name":"Maynord","last_name":"Gloves","email":"mgloves4w@fastcompany.com","date_of_birth":"1/13/2023","age":44,"country":"Russia","phone":"112-895-0119"},
{"id":178,"first_name":"Jard","last_name":"Tiptaft","email":"jtiptaft4x@pbs.org","date_of_birth":"11/25/2022","age":51,"country":"China","phone":"187-526-0160"},
{"id":179,"first_name":"Priscella","last_name":"Nesbit","email":"pnesbit4y@vkontakte.ru","date_of_birth":"3/18/2023","age":43,"country":"China","phone":"794-796-4365"},
{"id":180,"first_name":"Jasper","last_name":"Haymes","email":"jhaymes4z@ftc.gov","date_of_birth":"5/7/2023","age":50,"country":"Vietnam","phone":"880-867-5836"},
{"id":181,"first_name":"Jarrad","last_name":"Quennell","email":"jquennell50@unblog.fr","date_of_birth":"1/6/2023","age":32,"country":"China","phone":"511-214-3915"},
{"id":182,"first_name":"Gina","last_name":"McCuish","email":"gmccuish51@theatlantic.com","date_of_birth":"7/5/2023","age":25,"country":"Morocco","phone":"411-845-0175"},
{"id":183,"first_name":"Milo","last_name":"Attryde","email":"mattryde52@typepad.com","date_of_birth":"8/12/2023","age":29,"country":"Zimbabwe","phone":"637-310-8982"},
{"id":184,"first_name":"Kellsie","last_name":"Statefield","email":"kstatefield53@fotki.com","date_of_birth":"5/2/2023","age":36,"country":"Japan","phone":"336-338-0276"},
{"id":185,"first_name":"Ethelyn","last_name":"McColley","email":"emccolley54@opensource.org","date_of_birth":"9/8/2023","age":41,"country":"Philippines","phone":"790-112-5137"},
{"id":186,"first_name":"Isadore","last_name":"Pulham","email":"ipulham55@harvard.edu","date_of_birth":"4/6/2023","age":34,"country":"Russia","phone":"548-192-5391"},
{"id":187,"first_name":"Shelli","last_name":"Thornbarrow","email":"sthornbarrow56@bravesites.com","date_of_birth":"3/13/2023","age":49,"country":"United States","phone":"315-473-2070"},
{"id":188,"first_name":"Joyce","last_name":"Faussett","email":"jfaussett57@chronoengine.com","date_of_birth":"5/22/2023","age":49,"country":"China","phone":"992-609-7613"},
{"id":189,"first_name":"Melisa","last_name":"Griss","email":"mgriss58@ow.ly","date_of_birth":"7/17/2023","age":31,"country":"Colombia","phone":"532-609-8495"},
{"id":190,"first_name":"Loralie","last_name":"Oertzen","email":"loertzen59@house.gov","date_of_birth":"3/31/2023","age":29,"country":"China","phone":"342-859-7076"},
{"id":191,"first_name":"Etty","last_name":"Meneyer","email":"emeneyer5a@ftc.gov","date_of_birth":"6/3/2023","age":45,"country":"China","phone":"982-178-3220"},
{"id":192,"first_name":"Frankie","last_name":"Brogden","email":"fbrogden5b@lulu.com","date_of_birth":"7/29/2023","age":57,"country":"China","phone":"892-615-5983"},
{"id":193,"first_name":"Auguste","last_name":"Plowell","email":"aplowell5c@ebay.com","date_of_birth":"8/9/2023","age":51,"country":"United States","phone":"754-447-2615"},
{"id":194,"first_name":"Hal","last_name":"Sculley","email":"hsculley5d@indiatimes.com","date_of_birth":"8/15/2023","age":18,"country":"Indonesia","phone":"507-651-5172"},
{"id":195,"first_name":"Cathrine","last_name":"Ream","email":"cream5e@bluehost.com","date_of_birth":"5/27/2023","age":24,"country":"United Kingdom","phone":"972-753-6539"},
{"id":196,"first_name":"Willy","last_name":"Simmonite","email":"wsimmonite5f@auda.org.au","date_of_birth":"2/20/2023","age":35,"country":"Botswana","phone":"179-510-6176"},
{"id":197,"first_name":"Justinian","last_name":"Cullotey","email":"jcullotey5g@cdbaby.com","date_of_birth":"10/14/2023","age":54,"country":"Japan","phone":"880-703-5588"},
{"id":198,"first_name":"Gunilla","last_name":"London","email":"glondon5h@edublogs.org","date_of_birth":"5/1/2023","age":34,"country":"Macedonia","phone":"371-656-9340"},
{"id":199,"first_name":"Dilan","last_name":"Boyson","email":"dboyson5i@domainmarket.com","date_of_birth":"7/24/2023","age":53,"country":"Mexico","phone":"285-325-2520"},
{"id":200,"first_name":"Jacklyn","last_name":"Le Grice","email":"jlegrice5j@purevolume.com","date_of_birth":"5/23/2023","age":45,"country":"Uzbekistan","phone":"525-434-1200"}]